slug,name,originalLocation,founded,headquarters,parentCompany,Locations,areasServed,type,service
bonchon,BonChon,"Busan, South Korea",2002,"Dallas, Texas",,115,Nationwide,Asian,Fast Food
cupbop,Cupbop,"Salt Lake County, Utah",2013,"Salt Lake City, Utah",,38,"Mountain states, Oklahoma",Asian,Fast Food
ll-hawaiian-barbecue,L&L Hawaiian Barbecue,"Honolulu, Hawaii",1976,"Honolulu, Hawaii",,209,"Western states, Hawaii, Alaska, Texas, New York, Florida, North Carolina, Guam",Asian,Fast Food
manchu-wok,Manchu Wok,"Peterborough, Ontario, Canada",1980,"Markham, Ontario, Canada",MTY Food Group,14,Nationwide,Asian,Fast Food
noodles-company,Noodles & Company,"Denver, Colorado",1995,"Broomfield, Colorado",,448,Nationwide,Asian,Fast Food
panda-express,Panda Express,"Glendale, California",1983,"Rosemead, California",Panda Restaurant Group,2316,Nationwide,Asian,Fast Food
pei-wei,Pei Wei,"Scottsdale, Arizona",2000,"Irving, Texas",PWD Acquisition LLC,119,"South, West, Mid-Atlantic, Upper Midwest",Asian,Fast Food
pho-hoa,Pho Hoa,"San Jose, California",1983,"Sacramento, California",,23,"West, Southeast, Upper Midwest, Massachusetts",Asian,Fast Food
pick-up-stix,Pick Up Stix,"Rancho Santa Margarita, California",1989,"Laguna Hills, California",,57,Southern California,Asian,Fast Food
sarku-japan,Sarku Japan,"Boston, Massachusetts",1987,"Markham, Ontario, Canada",,203,Nationwide,Asian,Fast Food
yoshinoya,Yoshinoya,"Tokyo, Japan",1899,"Kitya, Tokyo, Japan",,103,California,Asian,Fast Food
au-bon-pain,Au Bon Pain,"Boston, Massachusetts",1976,"Richardson, Texas",AMPEX Brands,121,Nationwide,Baked Goods,Fast Food
auntie-annes,Auntie Anne's,"Downingtown, Pennsylvania",1988,"Sandy Springs, Georgia",Focus Brands,1133,Nationwide,Baked Goods,Fast Food
brueggers-bagels,Bruegger's Bagels,"Troy, New York",1983,"Denver, Colorado",JAB Holding Company,190,"East, Southwest",Baked Goods,Fast Food
cinnabon,Cinnabon,"Federal Way, Washington",1985,"Sandy Springs, Georgia",Focus Brands,939,Nationwide,Baked Goods,Fast Food
daylight-donuts,Daylight Donuts,"Tulsa, Oklahoma",1954,"Tulsa, Oklahoma",,354,Midwest,Baked Goods,Fast Food
duck-donuts,Duck Donuts,"Duck, North Carolina",2006,"Hampden Township, Pennsylvania",,109,Nationwide,Baked Goods,Fast Food
einstein-bros-bagels,Einstein Bros. Bagels,"Golden, Colorado",1995,"Lakewood, Colorado",JAB Holding Company,690,Nationwide,Baked Goods,Fast Food
great-american-cookies,Great American Cookies,"Dunwoody, Georgia",1977,"Atlanta, Georgia",FAT Brands,371,East,Baked Goods,Fast Food
great-harvest-bakery-cafe,Great Harvest Bakery Cafe,"Great Falls, Montana",1976,"Dillon, Montana",,176,Nationwide,Baked Goods,Fast Food
honey-dew-donuts,Honey Dew Donuts,"Mansfield, Massachusetts",1973,"Plainville, Massachusetts",,125,New England,Baked Goods,Fast Food
insomnia-cookies,Insomnia Cookies,"Philadelphia, Pennsylvania",2003,"Philadelphia, Pennsylvania",Krispy Kreme,210,Nationwide,Baked Goods,Fast Food
krispy-kreme,Krispy Kreme,"Winston-Salem, North Carolina",1937,"Charlotte, North Carolina",JAB Holding Company,373,Nationwide,Baked Goods,Fast Food
la-madeleine,La Madeleine,"Dallas, Texas",1983,"Dallas, Texas",Groupe Le Duff,86,"Southeast, Mid-Atlantic, Midwest",Baked Goods,Fast Food
nestle-toll-house-cafe,Nestlé Toll House Café,"Frisco, Texas",2000,"Richardson, Texas",FAT Brands,82,Nationwide,Baked Goods,Fast Food
le-pain-quotidien,Le Pain Quotidien,"Brussels, Belgium",1990,"New York, New York",,260,"Mid-Atlantic, Florida, Illinois, California",Baked Goods,Fast Food
mrs-fields,Mrs. Fields,"Palo Alto, California",1977,"Broomfield, Colorado",Famous Brands International,300,Nationwide,Baked Goods,Fast Food
pretzelmaker,Pretzelmaker,Pennsylvania,1991,"Atlanta, Georgia",FAT Brands,280,Nationwide,Baked Goods,Fast Food
shipley-do-nuts,Shipley Do-Nuts,"Houston, Texas",1936,"Houston, Texas",Peak Rock Capital,335,"Southern states, Colorado",Baked Goods,Fast Food
wetzels-pretzels,Wetzel's Pretzels,"Redondo Beach, California",1994,"Pasadena, California",CenterOak Partners LLC,350,Nationwide,Baked Goods,Fast Food
winchells-donuts,Winchell's Donuts,"Temple City, California",1948,"City of Industry, California",Yum-Yum Donuts,170,"West, Midwest",Baked Goods,Fast Food
yum-yum-donuts,Yum-Yum Donuts,"Los Angeles, California",1971,"City of Industry, California",,71,California,Baked Goods,Fast Food
gold-star-chili,Gold Star Chili,"Cincinnati, Ohio",1965,"Cincinnati, Ohio",,85,Great Lakes,Beef,Fast Food
shanes-rib-shack,Shane's Rib Shack,"McDonough, Georgia",2002,"Atlanta, Georgia",,74,Southeast,Barbeque,Fast Food
skyline-chili,Skyline Chili,"Cincinnati, Ohio",1949,"Fairfield, Ohio",,160,"Great Lakes, Florida",Beef,Fast Food
argo-tea,Argo Tea,"Chicago, Illinois",2003,"Chicago, Illinois",,41,"East, Upper Midwest",Beverages,Fast Food
biggby-coffee,Biggby Coffee,"East Lansing, Michigan",1995,"Lansing, Michigan",,265,"Southeast, Midwest",Beverages,Fast Food
caribou-coffee,Caribou Coffee,"Edina, Minnesota",1992,"Brooklyn Center, Minnesota",,460,Midwest,Beverages,Fast Food
coffee-bean-tea-leaf,The Coffee Bean & Tea Leaf,"Los Angeles, California",1963,"Los Angeles, California",,1000,California,Beverages,Fast Food
coffee-beanery,Coffee Beanery,"Dearborn, Michigan",1976,"Flushing, Michigan",,120,Nationwide,Beverages,Fast Food
dunkin-donuts,Dunkin' Donuts,"Quincy, Massachusetts",1950,"Canton, Massachusetts",,9244,Nationwide,Beverages,Fast Food
dunn-brothers-coffee,Dunn Brothers Coffee,"Saint Paul, Minnesota",1987,"Minneapolis, Minnesota",,74,Midwest,Beverages,Fast Food
dutch-bros-coffee,Dutch Bros. Coffee,"Grants Pass, Oregon",1992,"Grants Pass, Oregon",,538,West,Beverages,Fast Food
gloria-jeans-coffees,Gloria Jean's Coffees,"Long Grove, Illinois",1979,"Castle Hill, New South Wales, Australia",,1000,Nationwide,Beverages,Fast Food
gregorys-coffee,Gregorys Coffee,"New York, New York",2006,"New York, New York",,31,Northeast,Beverages,Fast Food
heine-brothers,Heine Brothers',"Louisville, Kentucky",1994,"Louisville, Kentucky",,17,Kentucky,Beverages,Fast Food
intelligentsia-coffee-tea,Intelligentsia Coffee & Tea,"Chicago, Illinois",1995,"Chicago, Illinois",,16,Nationwide,Beverages,Fast Food
jamba-juice,Jamba Juice,"San Luis Obispo, California",1990,"Atlanta, Georgia",,757,Nationwide,Beverages,Fast Food
juice-it-up,Juice It Up!,"Brea, California",1995,"Irvine, California",,85,West,Beverages,Fast Food
kung-fu-tea,Kung Fu Tea,"Queens, New York",2010,"New York, New York",,278,Nationwide,Beverages,Fast Food
orange-julius,Orange Julius,"Los Angeles, California",1926,"Edina, Minnesota",,5700,Nationwide,Beverages,Fast Food
peets-coffee,Peet's Coffee,"Berkeley, California",1966,"Emeryville, California",,230,"West, Midwest",Beverages,Fast Food
philz-coffee,Philz Coffee,"San Francisco, California",2002,"San Francisco, California",,57,Nationwide,Beverages,Fast Food
planet-smoothie,Planet Smoothie,"Atlanta, Georgia",1995,"Scottsdale, Arizona",,100,Nationwide,Beverages,Fast Food
robeks,Robeks,"Los Angeles, California",1996,"Los Angeles, California",,91,West,Beverages,Fast Food
seattles-best-coffee,Seattle's Best Coffee,"Seattle, Washington",1970,"Seattle, Washington",,25000,Nationwide,Beverages,Fast Food
smoothie-king,Smoothie King,"Kenner, Louisiana",1973,"Coppell, Texas",,1053,Nationwide,Beverages,Fast Food
starbucks,Starbucks,"Seattle, Washington",1971,"Seattle, Washington",,15450,Nationwide,Beverages,Fast Food
tim-hortons,Tim Hortons,"Hamilton, Ontario, Canada",1964,"Toronto, Ontario, Canada",,637,North,Beverages,Fast Food
tropical-smoothie-cafe,Tropical Smoothie Cafe,"Destin, Florida",1997,"Atlanta, Georgia",,1047,Nationwide,Beverages,Fast Food
bojangles,Bojangles,"Charlotte, North Carolina",1977,"Charlotte, North Carolina",,773,Southeast,Chicken,Fast Food
browns-chicken-pasta,Brown's Chicken & Pasta,"Bridgeview, Illinois",1949,"Villa Park, Illinois",,20,"Illinois, New Jersey",Chicken,Fast Food
boston-market,Boston Market,"Newton, Massachusetts",1984,"Golden, Colorado",,341,Nationwide,Chicken,Fast Food
bushs-chicken,Bush's Chicken,"Waco, Texas",1996,"Waco, Texas",,90,"Southwest, Colorado",Chicken,Fast Food
chesters-international,Chester's International,"Birmingham, Alabama",1952,"Mountain Brook, Alabama",,1000,Nationwide,Chicken,Fast Food
chick-fil-a,Chick-fil-A,"Hapeville, Georgia",1946,"College Park, Georgia",,2704,Nationwide,Chicken,Fast Food
chicken-express,Chicken Express,"Benbrook, Texas",1988,"Burleson, Texas",,200,South central,Chicken,Fast Food
chicken-salad-chick,Chicken Salad Chick,"Auburn,  Alabama",2008,"Auburn,  Alabama",,205,"Southeast, Midwest",Chicken,Fast Food
churchs-chicken,Church's Chicken,"San Antonio, Texas",1952,"Atlanta, Georgia",,898,South,Chicken,Fast Food
cluck-u-chicken,Cluck-U Chicken,"New Brunswick, New Jersey",1985,"College Park, Maryland",,17,Mid-Atlantic,Chicken,Fast Food
el-pollo-loco,El Pollo Loco,"Guasave, Sinaloa, Mexico",1974,"Costa Mesa, California",,480,West,Chicken,Fast Food
golden-chick,Golden Chick,"San Marcos, Texas",1967,"Richardson, Texas",,207,South central,Chicken,Fast Food
guthries,Guthrie's,"Haleyville, Alabama",1964,"Auburn, Alabama",,29,South,Chicken,Fast Food
hartz-chicken,Hartz Chicken,"Spring, Texas",1972,"Spring, Texas",,60,"Louisiana, Texas",Chicken,Fast Food
jollibee,Jollibee,"Quezon City, Philippines",1978,"Quezon City, Philippines",,54,"West, Mid-Atlantic, Hawaii",Chicken,Fast Food
kfc,KFC,"North Corbin, Kentucky",1952,"Louisville, Kentucky",,3953,Nationwide,Chicken,Fast Food
lees-famous-recipe-chicken,Lee's Famous Recipe Chicken,"Lima, Ohio",1966,"Fort Walton Beach, Florida",,131,"South, Midwest",Chicken,Fast Food
louisiana-famous-fried-chicken,Louisiana Famous Fried Chicken,"Los Angeles, California",1976,"Los Angeles, California",,148,"California, Texas",Chicken,Fast Food
pollo-campero,Pollo Campero,Guatemala,1971,"Dallas, Texas",,77,Nationwide,Chicken,Fast Food
pollo-tropical,Pollo Tropical,"Miami, Florida",1988,"Doral, Florida",,169,Southeast,Chicken,Fast Food
popeyes,Popeyes,"Arabi, Louisiana",1972,"Miami, Florida",,2754,Nationwide,Chicken,Fast Food
raising-canes-chicken-fingers,Raising Cane's Chicken Fingers,"Baton Rouge, Louisiana",1996,"Baton Rouge, Louisiana",,567,"South, Midwest",Chicken,Fast Food
slim-chickens,Slim Chickens,"Fayetteville, Arkansas",2003,"Fayetteville, Arkansas",,116,Nationwide,Chicken,Fast Food
smithfields-chicken-n-bar-b-q,Smithfield's Chicken 'N Bar-B-Q,"Smithfield, North Carolina",1977,"Smithfield, North Carolina",,39,North Carolina,Chicken,Fast Food
wingstop,Wingstop,"Garland, Texas",1994,"Addison, Texas",,1534,Nationwide,Chicken,Fast Food
zaxbys,Zaxby's,"Statesboro, Georgia",1990,"Athens, Georgia",,910,"Southeast, Utah",Chicken,Fast Food
zoes-kitchen,Zoë's Kitchen,"Homewood, Alabama",1995,"Plano, Texas",,114,Southeast,Chicken,Fast Food
andys-frozen-custard,Andy's Frozen Custard,"Osage Beach, Missouri",1986,"Springfield, Missouri",,109,Nationwide,Frozen Desserts,Fast Food
baskin-robbins,Baskin-Robbins,"Glendale, California",1945,"Canton, Massachusetts",,2317,Nationwide,Frozen Desserts,Fast Food
ben-jerrys,Ben & Jerry's,"Burlington, Vermont",1978,"South Burlington, Vermont",,221,Nationwide,Frozen Desserts,Fast Food
braums-ice-cream-dairy-stores,Braum's Ice Cream & Dairy Stores,"Oklahoma City, Oklahoma",1968,"Tuttle, Oklahoma",,290,Midwest,Frozen Desserts,Fast Food
brusters-ice-cream,Bruster's Ice Cream,"Bridgewater, Pennsylvania",1990,"Bridgewater, Pennsylvania",,200,Nationwide,Frozen Desserts,Fast Food
carvel,Carvel,"Hartsdale, New York",1929,"Farmington, Connecticut",,371,Nationwide,Frozen Desserts,Fast Food
cold-stone-creamery,Cold Stone Creamery,"Tempe, Arizona",1988,"Scottsdale, Arizona",,875,Nationwide,Frozen Desserts,Fast Food
dairy-queen,Dairy Queen,"Joliet, Illinois",1940,"Edina, Minnesota",,4339,Nationwide,Frozen Desserts,Fast Food
dippin-dots,Dippin' Dots,"New Grand Chain, Illinois",1988,"Paducah, Kentucky",,121,Nationwide,Frozen Desserts,Fast Food
fosters-freeze,Fosters Freeze,"Inglewood, California",1946,"Rancho Cucamonga, California",,74,California,Frozen Desserts,Fast Food
golden-spoon,Golden Spoon,"Tustin, California",1981,"Rancho Santa Margarita, California",,23,California,Frozen Desserts,Fast Food
graeters,Graeter's,"Cincinnati, Ohio",1874,"Cincinnati, Ohio",,53,Midwest,Frozen Desserts,Fast Food
haagen-dazs,Häagen-Dazs,"Brooklyn, New York",1961,"Minneapolis, Minnesota",,600,Nationwide,Frozen Desserts,Fast Food
handels-homemade-ice-cream-yogurt,Handel's Homemade Ice Cream & Yogurt,"Youngstown, Ohio",1945,"Canfield, Ohio",,45,"West, Great Lakes, Alabama, Pennsylvania",Frozen Desserts,Fast Food
maggiemoos-ice-cream-and-treatery,MaggieMoo's Ice Cream and Treatery,"Kansas City, Missouri",1989,"Fulton County, Georgia",,49,Nationwide,Frozen Desserts,Fast Food
marble-slab-creamery,Marble Slab Creamery,"Houston, Texas",1983,"Fulton County, Georgia",,391,Nationwide,Frozen Desserts,Fast Food
menchies-frozen-yogurt,Menchie's Frozen Yogurt,"San Fernando Valley, California",2007,"Encino, California",,345,Nationwide,Frozen Desserts,Fast Food
oberweis-dairy,Oberweis Dairy,"Kane County, Illinois",1927,"North Aurora, Illinois",,41,Upper Midwest,Frozen Desserts,Fast Food
pinkberry,Pinkberry,"West Hollywood, California",2005,"Scottsdale, Arizona",,260,Nationwide,Frozen Desserts,Fast Food
red-mango,Red Mango,"Los Angeles, California",2006,"Dallas, Texas",,50,Nationwide,Frozen Desserts,Fast Food
ritas-italian-ice,Rita's Italian Ice,"Philadelphia, Pennsylvania",1984,"Bensalem, Pennsylvania",,600,Nationwide,Frozen Desserts,Fast Food
sweet-frog,Sweet Frog,"Richmond, Virginia",2009,"Richmond, Virginia",,350,Nationwide,Frozen Desserts,Fast Food
tastee-freez,Tastee-Freez,"Joliet, Illinois",1950,"Newport Beach, California",,23,"Mid-Atlantic, Midwest",Frozen Desserts,Fast Food
tcby,TCBY,"Little Rock, Arkansas",1981,"Broomfield, Colorado",,470,Nationwide,Frozen Desserts,Fast Food
tropical-sno,Tropical Sno,"Provo, Utah",1984,"Draper, Utah",,,Nationwide,Frozen Desserts,Fast Food
tutti-frutti-frozen-yogurt,Tutti Frutti Frozen Yogurt,"Fullerton, California",2008,"Fullerton, California",,100,West,Frozen Desserts,Fast Food
yogen-fruz,Yogen Früz,"Thornhill, Ontario, Canada",1986,"Markham, Ontario, Canada",,1300,"East Coast, Illinois, Texas",Frozen Desserts,Fast Food
yogurtland,Yogurtland,"Fullerton, California",2006,"Irvine, California",,326,Nationwide,Frozen Desserts,Fast Food
aw-all-american-food,A&W All American Food,"Lodi, California",1919,"Lexington, Kentucky",,525,Nationwide,Hamburgers,Fast Food
arctic-circle-restaurants,Arctic Circle Restaurants,"Midvale, Utah",1950,"Salt Lake City, Utah",,66,West,Hamburgers,Fast Food
back-yard-burgers,Back Yard Burgers,"Cleveland, Mississippi",1987,"Nashville, Tennessee",,55,"South, Midwest",Hamburgers,Fast Food
frischs-big-boy,Frisch's Big Boy,"Glendale, California",1936,"Warren, Michigan",,79,"Midwest, California",Hamburgers,Fast Food
blakes-lotaburger,Blake's Lotaburger,"Albuquerque, New Mexico",1952,"Albuquerque, New Mexico",,75,Southwest,Hamburgers,Fast Food
bumpers-drive-in,Bumper's Drive-In,"Canton, Mississippi",1983,"Canton, Mississippi",,35,"Mississippi, Tennessee",Hamburgers,Fast Food
burgerfi,BurgerFi,"Lauderdale-by-the-Sea, Florida",2011,"Palm Beach, Florida",,118,"East, Midwest",Hamburgers,Fast Food
burger-king,Burger King,"Jacksonville, Florida",1953,"Miami-Dade County, Florida",,7105,Nationwide,Hamburgers,Fast Food
burger-street,Burger Street,"Lewisville, Texas",1985,"Dallas, Texas",,19,South central,Hamburgers,Fast Food
burgerville,Burgerville,"Vancouver, Washington",1961,"Vancouver, Washington",,47,Pacific Northwest,Hamburgers,Fast Food
carls-jr,Carl's Jr.,"Rocky Mount, North Carolina",1941,"Franklin, Tennessee",CKE Restaurants,1054,Nationwide,Hamburgers,Fast Food
hardees,Hardee's,"Los Angeles, California ",1960,"Franklin, Tennessee",CKE Restaurants,1712,Nationwide,Hamburgers,Fast Food
checkers,Checkers ,"Mobile, Alabama ",1985,"Tampa, Florida",CKE Restaurants,580,Nationwide,Hamburgers,Fast Food
rallys,Rally's,"Louisville, Kentucky",1986,"Tampa, Florida",CKE Restaurants,315,Nationwide,Hamburgers,Fast Food
cheeburger-cheeburger,Cheeburger Cheeburger,"Sanibel, Florida",1986,"Fort Myers, Florida",,22,East,Hamburgers,Fast Food
cook-out,Cook Out,"Greensboro, North Carolina",1989,"Thomasville, North Carolina",,308,Southeast,Hamburgers,Fast Food
culvers,Culver's,"Sauk City, Wisconsin",1984,"Prairie du Sac, Wisconsin",,836,"Midwest, Southeast",Hamburgers,Fast Food
farmer-boys,Farmer Boys,"Perris, California",1981,"Riverside, California",,99,California,Hamburgers,Fast Food
fatburger,Fatburger,"Los Angeles, California",1947,"Beverly Hills, California",,200,West,Hamburgers,Fast Food
five-guys,Five Guys,"Arlington County, Virginia",1986,"Lorton, Virginia",,1390,Nationwide,Hamburgers,Fast Food
freddys-frozen-custard-steakburgers,Freddy's Frozen Custard & Steakburgers,"Wichita, Kansas",2002,"Wichita, Kansas",,420,Nationwide,Hamburgers,Fast Food
frischs-big-boy,Frisch's Big Boy,"Cincinnati, Ohio",1939,"Cincinnati, Ohio",,110,Great Lakes,Hamburgers,Fast Food
fuddruckers,Fuddruckers,"San Antonio, Texas",1979,"Houston, Texas",,223,Nationwide,Hamburgers,Fast Food
good-times-burgers-frozen-custard,Good Times Burgers & Frozen Custard,"Boulder, Colorado",1987,"Lakewood, Colorado",,36,,Hamburgers,Fast Food
habit-burger-grill,The Habit Burger Grill,"Santa Barbara, California",1969,"Irvine, California",,307,Nationwide,Hamburgers,Fast Food
halal-guys,The Halal Guys,"New York, New York",1990,"New York, New York",,,Nationwide,Hamburgers,Fast Food
hwy-55-burgers-shakes-fries,Hwy 55 Burgers Shakes & Fries,"Goldsboro, North Carolina",1991,"Mount Olive, North Carolina",,135,"South, Midwest",Hamburgers,Fast Food
in-n-out-burger,In-N-Out Burger,"Baldwin Park, California",1948,"Irvine, California",,373,"West, Texas",Hamburgers,Fast Food
jacks-family-restaurants,Jack's Family Restaurants,"Homewood, Alabama",1960,"Sumiton, Alabama",,210,Southeast,Hamburgers,Fast Food
jack-in-the-box,Jack in the Box,"San Diego, California",1951,"San Diego, California",,2218,Nationwide,Hamburgers,Fast Food
krystal-company,Krystal Company,"Chattanooga, Tennessee",1932,"Atlanta, Georgia",,290,Southeast,Hamburgers,Fast Food
mcdonalds,McDonald's,"San Bernardino, California",1940,"Chicago, Illinois",,13438,Nationwide,Hamburgers,Fast Food
milos-hamburgers,Milo's Hamburgers,"Birmingham, Alabama",1946,"Birmingham, Alabama",,16,Nationwide,Hamburgers,Fast Food
mooyah,Mooyah,"Plano, Texas",2007,"Plano, Texas",,100,Nationwide,Hamburgers,Fast Food
original-tommys,Original Tommy's,"Los Angeles, California",1946,"Monrovia, California",,33,West,Hamburgers,Fast Food
penguin-point,Penguin Point,"Wabash, Indiana",1950,"Warsaw, Indiana",,14,Midwest,Hamburgers,Fast Food
roy-rogers-restaurants,Roy Rogers Restaurants,"Fort Wayne, Indiana",1968,"Frederick, Maryland",,48,Mid-Atlantic,Hamburgers,Fast Food
shake-shack,Shake Shack,"New York, New York",2004,"New York, New York",,243,,Hamburgers,Fast Food
smashburger,Smashburger,"Denver, Colorado",2007,"Denver, Colorado",,245,,Hamburgers,Fast Food
sonic-drive-in,Sonic Drive-In,"Shawnee, Oklahoma",1953,"Oklahoma City, Oklahoma",,3552,Nationwide,Hamburgers,Fast Food
spangles,Spangles,"Wichita, Kansas",1978,"Wichita, Kansas",,27,,Hamburgers,Fast Food
steak-n-shake,Steak 'n Shake,"Normal, Illinois",1934,"Indianapolis, Indiana",,497,,Hamburgers,Fast Food
swensons,Swensons,"Akron, Ohio",1934,"Akron, Ohio",,12,,Hamburgers,Fast Food
umami-burger,Umami Burger,"Los Angeles, California",2009,"Los Angeles, California",,25,,Hamburgers,Fast Food
wayback-burgers,Wayback Burgers,"Newark, Delaware",1991,"Cheshire, Connecticut",,147,,Hamburgers,Fast Food
wendys,Wendy's,"Columbus, Ohio",1969,"Dublin, Ohio",,5938,Nationwide,Hamburgers,Fast Food
whataburger,Whataburger,"Corpus Christi, Texas",1950,"San Antonio, Texas",,873,,Hamburgers,Fast Food
white-castle,White Castle,"Wichita, Kansas",1921,"Columbus, Ohio",,353,,Hamburgers,Fast Food
zips-drive-in,Zip's Drive-in,"Kennewick, Washington",1953,"Kennewick, Washington",,38,,Hamburgers,Fast Food
hot-dog-on-a-stick,Hot Dog on a Stick,"Santa Monica, California",1946,"Carlsbad, California",,80,,Hot Dogs,Fast Food
james-coney-island,James Coney Island,"Houston, Texas",1923,"Houston, Texas",,21,,Hot Dogs,Fast Food
nathans-famous,Nathan's Famous,"Brooklyn, New York",1916,"Jericho, New York",,213,,Hot Dogs,Fast Food
sneaky-petes,Sneaky Pete's,"Birmingham, Alabama",1966,"Birmingham, Alabama",,39,,Hot Dogs,Fast Food
portillos,Portillo's,"Villa Park, Illinois",1963,"Oak Brook, Illinois",,69,,Hot Dogs,Fast Food
wienerschnitzel,Wienerschnitzel,"Los Angeles, California",1961,"Irvine, California",,328,,Hot Dogs,Fast Food
baja-fresh,Baja Fresh,"Scottsdale, Arizona",1990,"Newbury Park, California",,256,,Mexican/Tex-Mex,Fast Food
cafe-rio-mexican-grill,Cafe Rio Mexican Grill,"St. George, Utah",1997,"Cottonwood Heights, Utah",,150,,Mexican/Tex-Mex,Fast Food
california-tortilla,California Tortilla,"Bethesda, Maryland",1995,"Potomac, Maryland",,51,,Mexican/Tex-Mex,Fast Food
chipotle-mexican-grill,Chipotle Mexican Grill,"Denver, Colorado",1993,"Newport Beach, California",,2926,,Mexican/Tex-Mex,Fast Food
del-taco,Del Taco,"Yermo, California",1964,"Lake Forest, California",,603,,Mexican/Tex-Mex,Fast Food
greenred-burrito,Green/Red Burrito,"Hawaiian Gardens, California",1980,"Franklin, Tennessee",,500,,Mexican/Tex-Mex,Fast Food
el-taco-tote,El Taco Tote,"Ciudad Juárez, Chihuahua, Mexico",1988,"El Paso, Texas",,23,,Mexican/Tex-Mex,Fast Food
fuzzys-taco-shop,Fuzzy's Taco Shop,"Fort Worth, Texas",2001,"Fort Worth, Texas",,137,,Mexican/Tex-Mex,Fast Food
la-salsa,La Salsa,"Los Angeles, California",1979,"Scottsdale, Arizona",,23,,Mexican/Tex-Mex,Fast Food
moes-southwest-grill,Moe's Southwest Grill,"Atlanta, Georgia",2000,"Atlanta, Georgia",,657,,Mexican/Tex-Mex,Fast Food
qdoba-mexican-eats,Qdoba Mexican Eats,"Denver, Colorado",1995,"San Diego, California",,739,,Mexican/Tex-Mex,Fast Food
rubios-coastal-grill,Rubio's Coastal Grill,"San Diego, California",1983,"Carlsbad, California",,157,,Mexican/Tex-Mex,Fast Food
salsaritas-fresh-mexican-grill,Salsarita's Fresh Mexican Grill,"Charlotte, North Carolina",2000,"Charlotte, North Carolina",,80,,Mexican/Tex-Mex,Fast Food
taco-bell,Taco Bell,"Downey, California",1962,"Irvine, California",,7002,,Mexican/Tex-Mex,Fast Food
taco-bueno,Taco Bueno,"Abilene, Texas",1967,"Irving, Texas",,123,,Mexican/Tex-Mex,Fast Food
taco-cabana,Taco Cabana,"San Antonio, Texas",1978,"San Antonio, Texas",,148,,Mexican/Tex-Mex,Fast Food
taco-del-mar,Taco del Mar,"Seattle, Washington",1992,"Denver, Colorado",,100,,Mexican/Tex-Mex,Fast Food
taco-johns,Taco John's,"Cheyenne, Wyoming",1969,"Cheyenne, Wyoming",,373,,Mexican/Tex-Mex,Fast Food
taco-mayo,Taco Mayo,"Norman, Oklahoma",1978,"Oklahoma City, Oklahoma",,13,,Mexican/Tex-Mex,Fast Food
taco-palenque,Taco Palenque,"Laredo, Texas",1987,"Laredo, Texas",,19,,Mexican/Tex-Mex,Fast Food
taco-time,Taco Time,"Eugene, Oregon",1960,"Scottsdale, Arizona",,300,,Mexican/Tex-Mex,Fast Food
taco-time-northwest,Taco Time (Northwest),"White Center, Washington",1962,"Renton, Washington",,70,,Mexican/Tex-Mex,Fast Food
tijuana-flats,Tijuana Flats,"Winter Park, Florida",1995,"Maitland, Florida",,124,,Mexican/Tex-Mex,Fast Food
wahoos-fish-taco,Wahoo's Fish Taco,"Costa Mesa, California",1988,"Santa Ana, California",,37,,Mexican/Tex-Mex,Fast Food
americas-incredible-pizza-company,America's Incredible Pizza Company,"Springfield, Missouri",2002,"Springfield, Missouri",,73,Southeast,Pizza,Fast Food
blaze-pizza,Blaze Pizza,"Irvine, California",2011,"Pasadena, California",,313,Nationwide,Pizza,Fast Food
cicis,Cicis,"Plano, Texas",1985,"Irving, Texas",,299,,Pizza,Fast Food
dominos,Domino's,"Ypsilanti, Michigan",1960,"Ann Arbor, Michigan",,6560,Nationwide,Pizza,Fast Food
donatos-pizza,Donatos Pizza,"Columbus, Ohio",1963,"Gahanna, Ohio",,169,,Pizza,Fast Food
dp-dough,D.P. Dough,"Amherst, Massachusetts, Massachusetts",1983,"Columbus, Ohio",,37,,Pizza,Fast Food
east-of-chicago-pizza,East of Chicago Pizza,"Willard, Ohio",1982,"Lima, Ohio",,80,,Pizza,Fast Food
fazolis,Fazoli's,"Lexington, Kentucky",1988,"Lexington, Kentucky",,217,,Pizza,Fast Food
foxs-pizza-den,Fox's Pizza Den,"Pitcairn, Pennsylvania",1971,"Murrysville, Pennsylvania",,250,,Pizza,Fast Food
ginos-pizza-and-spaghetti,Gino's Pizza and Spaghetti,"Huntington, West Virginia",1961,"Huntington, West Virginia",,40,,Pizza,Fast Food
giordanos-pizzeria,Giordano's Pizzeria,"Chicago, Illinois",1974,"Chicago, Illinois",,69,,Pizza,Fast Food
godfathers-pizza,Godfather's Pizza,"Omaha, Nebraska",1973,"Omaha, Nebraska",,600,,Pizza,Fast Food
happys-pizza,Happy's Pizza,"Detroit, Michigan",1994,"Farmington Hills, Michigan",,65,"Great Lakes, West",Pizza,Fast Food
hungry-howies-pizza,Hungry Howie's Pizza,"Taylor, Michigan",1973,"Madison Heights, Michigan",,533,,Pizza,Fast Food
jets-pizza,Jet's Pizza,"Sterling Heights, Michigan",1978,"Sterling Heights, Michigan",,390,,Pizza,Fast Food
ledo-pizza,Ledo Pizza,"Adelphi, Maryland",1955,"Annapolis, Maryland",,109,,Pizza,Fast Food
little-caesars,Little Caesars,"Garden City, Michigan",1959,"Detroit, Michigan",,4181,Nationwide,Pizza,Fast Food
marcos-pizza,Marco's Pizza,"Oregon, Ohio",1978,"Toledo, Ohio",,1002,Nationwide,Pizza,Fast Food
mod-pizza,MOD Pizza,"Seattle, Washington",2008,"Bellevue, Washington",,506,,Pizza,Fast Food
monicals-pizza,Monical's Pizza,"Toledo, Illinois",1959,"Bradley, Illinois",,40,Midwest,Pizza,Fast Food
mountain-mikes-pizza,Mountain Mike's Pizza,"Newport Beach, California",1978,"Newport Beach, California",,246,,Pizza,Fast Food
mr-gattis-pizza,Mr. Gatti's Pizza,"Stephenville, Texas",1964,"Fort Worth, Texas",,140,,Pizza,Fast Food
papa-ginos,Papa Gino's,"Boston, Massachusetts",1961,"Dedham, Massachusetts",,97,,Pizza,Fast Food
papa-johns-pizza,Papa John's Pizza,"Jeffersonville, Indiana",1984,"Jeffersontown, Kentucky",,3164,Nationwide,Pizza,Fast Food
papa-murphys-pizza,Papa Murphy's Pizza,"Hillsboro, Oregon",1995,"Vancouver, Washington",,1240,,Pizza,Fast Food
pieology-pizzeria,Pieology Pizzeria,"Fullerton, California",2011,"Rancho Santa Margarita, California",,140,,Pizza,Fast Food
pizza-hut,Pizza Hut,"Wichita, Kansas",1958,"Plano, Texas",,6548,Nationwide,Pizza,Fast Food
pizza-inn,Pizza Inn,"Dallas, Texas",1958,"The Colony, Texas",,158,,Pizza,Fast Food
pizza-ranch,Pizza Ranch,"Hull, Iowa",1981,"Orange City, Iowa",,213,,Pizza,Fast Food
round-table-pizza,Round Table Pizza,"Menlo Park, California",1959,"Atlanta, Georgia",,416,,Pizza,Fast Food
sbarro,Sbarro,"New York, New York",1956,"Columbus, Ohio",,296,,Pizza,Fast Food
uncle-maddios-pizza-joint,Uncle Maddio's Pizza Joint,"Atlanta, Georgia",2009,"Atlanta, Georgia",,38,,Pizza,Fast Food
cava,Cava,"Rockville, Maryland",2006,"Washington, D.C.",Cava Group,170,,Salad,Fast Food
saladworks,Saladworks,"Cherry Hill, New Jersey",1986,"Conshohocken, Pennsylvania",,100,"East, Midwest",Salad,Fast Food
sweetgreen,Sweetgreen,"Washington, D.C.",2007,"Culver City, California",,150,"East, Texas, Illinois, California",Salad,Fast Food
tazikis-mediterranean-cafe,Taziki's Mediterranean Cafe,"Birmingham, Alabama",1998,"Birmingham, Alabama",,94,,Salad,Fast Food
veggie-grill,Veggie Grill,"Irvine, California",2006,"Santa Monica, California",,29,"West, Illinois",Salad,Fast Food
atlanta-bread-company,Atlanta Bread Company,"Sandy Springs, Georgia",1994,"Smyrna, Georgia",,37,,Sandwiches,Fast Food
arbys,Arby's,"Boardman, Ohio",1964,"Sandy Springs, Georgia",,3409,Nationwide,Sandwiches,Fast Food
blimpie,Blimpie,"Hoboken, New Jersey",1964,"Scottsdale, Arizona",,2000,Nationwide,Sandwiches,Fast Food
camilles-sidewalk-cafe,Camille's Sidewalk Cafe,"Tulsa, Oklahoma",1996,"Tulsa, Oklahoma",,107,,Sandwiches,Fast Food
capriottis,Capriotti's,"Wilmington, Delaware",1976,"Las Vegas, Nevada",,106,,Sandwiches,Fast Food
charleys-philly-steaks,Charleys Philly Steaks,"Columbus, Ohio",1986,"Columbus, Ohio",,589,,Sandwiches,Fast Food
corner-bakery,Corner Bakery,"Chicago, Illinois",1991,"Dallas, Texas",,161,Nationwide,Sandwiches,Fast Food
cosi,Così,"New York, New York",1996,"Boston, Massachusetts",,66,,Sandwiches,Fast Food
cousins-subs,Cousins Subs,"Milwaukee, Wisconsin",1972,"Menomonee Falls, Wisconsin",,,,Sandwiches,Fast Food
dangelo-grilled-sandwiches,D'Angelo Grilled Sandwiches,"Dedham, Massachusetts",1967,"Dedham, Massachusetts",,86,New England,Sandwiches,Fast Food
daphnes-greek-cafe,Daphne's Greek Cafe,California,1991,"Los Angeles, California",,,,Sandwiches,Fast Food
dibellas,DiBella's,"Rochester, New York",1918,"Rochester, New York",,43,,Sandwiches,Fast Food
earl-of-sandwich,Earl of Sandwich,"Lake Buena Vista, Florida",2004,"Orlando, Florida",,31,,Sandwiches,Fast Food
eegees,Eegee's,"Tucson, Arizona",1971,"Tucson, Arizona",,24,,Sandwiches,Fast Food
erbert-gerberts,Erbert & Gerbert's,"Eau Claire, Wisconsin",1987,"Eau Claire, Wisconsin",,50,,Sandwiches,Fast Food
firehouse-subs,Firehouse Subs,"Jacksonville, Florida",1994,"Jacksonville, Florida",,1164,Nationwide,Sandwiches,Fast Food
great-wraps,Great Wraps,"Atlanta, Georgia",1974,"Atlanta, Georgia",,,Nationwide,Sandwiches,Fast Food
honeybaked-ham-co,HoneyBaked Ham Co.,"Detroit, Michigan",1957,"Alpharetta, Georgia",,409,,Sandwiches,Fast Food
jasons-deli,Jason's Deli,"Beaumont, Texas",1976,"Beaumont, Texas",,247,,Sandwiches,Fast Food
jerrys-subs-pizza,Jerry's Subs & Pizza,"Wheaton, Maryland",1954,"Gaithersburg, Maryland",,28,,Sandwiches,Fast Food
jersey-mikes-subs,Jersey Mike's Subs,"Point Pleasant Beach, New Jersey",1956,"Wall Township, New Jersey",,2100,Nationwide,Sandwiches,Fast Food
jimmy-johns,Jimmy John's,"Charleston, Illinois",1983,"Champaign, Illinois",,2657,Nationwide,Sandwiches,Fast Food
lees-sandwiches,Lee's Sandwiches,"San Jose, California",1983,"San Jose, California",,61,,Sandwiches,Fast Food
lennys-grill-sub,Lenny's Grill & Sub,"Memphis, Tennessee",1998,"Memphis, Tennessee",,100,,Sandwiches,Fast Food
lions-choice,Lion's Choice,"Ballwin, Missouri",1967,"St. Louis, Missouri",,26,,Sandwiches,Fast Food
mcalisters-deli,McAlister's Deli,"Oxford, Mississippi",1989,"Sandy Springs, Georgia",,506,,Sandwiches,Fast Food
miami-grill,Miami Grill,"Key West, Florida",1988,"Fort Lauderdale, Florida",,31,Southeast,Sandwiches,Fast Food
newks-eatery,Newk's Eatery,"Oxford, Mississippi",2004,"Jackson, Mississippi",,101,Southeast,Sandwiches,Fast Food
panera-bread,Panera Bread,"Kirkwood, Missouri",1987,"Sunset Hills, Missouri",,2121,Nationwide,Sandwiches,Fast Food
paris-baguette,Paris Baguette,"Seoul, South Korea",1986,"Seoul, South Korea",SPC Group,96,,Sandwiches,Fast Food
penn-station-east-coast-subs,Penn Station East Coast Subs,"Cincinnati, Ohio",1985,"Cincinnati, Ohio",,312,,Sandwiches,Fast Food
pita-pit,Pita Pit,"Kingston, Ontario, Canada",1995,"Coeur d'Alene, Idaho",,500,,Sandwiches,Fast Food
port-of-subs,Port of Subs,"Sparks, Nevada",1972,"Reno, Nevada",,140,,Sandwiches,Fast Food
potbelly-sandwich-shop,Potbelly Sandwich Shop,"Chicago, Illinois",1977,"Chicago, Illinois",,443,,Sandwiches,Fast Food
pret-manger,Pret a Manger,"London, England, UK",1983,"London, England, UK",,81,,Sandwiches,Fast Food
primo-hoagies,Primo Hoagies,"South Philadelphia, Pennsylvania",1992,"Westville, New Jersey",,95,East,Sandwiches,Fast Food
quiznos,Quiznos,"Denver, Colorado",1981,"Denver, Colorado",,800,,Sandwiches,Fast Food
rax-roast-beef,Rax Roast Beef,"Springfield, Ohio",1967,"Ironton, Ohio",,8,,Sandwiches,Fast Food
runza,Runza,"Lincoln, Nebraska",1959,"Lincoln, Nebraska",,87,,Sandwiches,Fast Food
sandellas-flatbread-café,Sandella's Flatbread Café,"Redding, Connecticut",1994,"Redding, Connecticut",,130,,Sandwiches,Fast Food
schlotzskys,Schlotzsky's,"Austin, Texas",1971,"Atlanta, Georgia",,323,,Sandwiches,Fast Food
steak-escape,Steak Escape,"Columbus, Ohio",1982,"Columbus, Ohio",,100,Nationwide,Sandwiches,Fast Food
subway,Subway,"Bridgeport, Connecticut",1965,"Milford, Connecticut",,21147,Nationwide,Sandwiches,Fast Food
togos,Togo's,"San Jose, California",1971,"San Jose, California",,200,,Sandwiches,Fast Food
tubbys,Tubby's,"St. Clair Shores, Michigan",1968,"Clinton Township, Michigan",,,,Sandwiches,Fast Food
tudors-biscuit-world,Tudor's Biscuit World,"Charleston, West Virginia",1980,"Huntington, West Virginia",,,,Sandwiches,Fast Food
which-wich,Which Wich?,"Dallas, Texas",2003,"Dallas, Texas",,270,,Sandwiches,Fast Food
arthur-treachers-fish-chips,Arthur Treacher's Fish & Chips,"Columbus, Ohio",1969,"New York, New York",,1,"Cuyahoga Falls, Ohio",Seafood,Fast Food
captain-ds,Captain D's,"Nashville, Tennessee",1969,"Nashville, Tennessee",,536,,Seafood,Fast Food
long-john-silvers,Long John Silver's,"Lexington, Kentucky",1969,"Louisville, Kentucky",,641,,Seafood,Fast Food
applebees,Applebee's,"Decatur, Georgia",1980,"Glendale, California",,1578,Nationwide,American,Casual Dining
bakers-square,Bakers Square,"Nashville, Tennessee",1969,"Des Moines, Iowa",,46,Midwest,American,Casual Dining
bennigans,Bennigan's,"Atlanta, Georgia",1976,"Dallas, Texas",,29,"East, Midwest",American,Casual Dining
bjs-restaurant,BJ's Restaurant,"Santa Ana, California",1978,"Huntington Beach, California",,212,Nationwide,American,Casual Dining
black-bear-diner,Black Bear Diner,"Mount Shasta, California",1995,"Redding, California",,144,West,American,Casual Dining
bob-evans-restaurant,Bob Evans Restaurant,"Gallipolis, Ohio",1948,"New Albany, Ohio",,440,"Mid-Atlantic, Midwest",American,Casual Dining
boomarang-diner,Boomarang Diner,"Muskogee, Oklahoma",1998,"Shawnee, Oklahoma",,55,"Oklahoma, Arkansas",American,Casual Dining
cheddars-scratch-kitchen,Cheddar's Scratch Kitchen,"Arlington, Texas",1979,"Orlando, Florida",,175,,American,Casual Dining
cheesecake-factory,The Cheesecake Factory,"Beverly Hills, California",1978,"Calabasas, California",,207,Nationwide,American,Casual Dining
coopers-hawk-winery-restaurant,Cooper's Hawk Winery & Restaurant,"Orland Park, Illinois",2005,"Countryside, Illinois",,54,"Southeast, Midwest",American,Casual Dining
friendlys,Friendly's,"Springfield, Massachusetts",1935,"Wilbraham, Massachusetts",,129,East Coast,American,Casual Dining
golden-corral,Golden Corral,"Fayetteville, North Carolina",1973,"Raleigh, North Carolina",,392,Nationwide,American,Casual Dining
ground-round,Ground Round,"Freeport, Maine",1969,"Freeport, Maine",,17,,American,Casual Dining
hard-rock-cafe,Hard Rock Cafe,"London, England, U.K.",1971,"Davie, Florida",,35,Nationwide,American,Casual Dining
hooters,Hooters,"Clearwater, Florida",1983,"Atlanta, Georgia",,420,Nationwide,American,Casual Dining
houlihans,Houlihan's,"Kansas City, Missouri",1972,"Leawood, Kansas",,84,Nationwide,American,Casual Dining
houstons-restaurant,Houston's Restaurant,"Dallas, Texas",1977,"Beverly Hills, California",,51,,American,Casual Dining
huddle-house,Huddle House,"Decatur, Georgia",1964,"Atlanta, Georgia",,305,Southeast,American,Casual Dining
j-alexanders,J. Alexander's,"Nashville, Tennessee",1991,"Nashville, Tennessee",,44,,American,Casual Dining
lazy-dog-restaurant-bar,Lazy Dog Restaurant & Bar,"Huntington Beach, California",2003,,,40,"West, Midwest",American,Casual Dining
lubys,Luby's,"San Antonio, Texas",1947,"Houston, Texas",,83,"Texas, Mississippi",American,Casual Dining
metro-diner,Metro Diner,"Jacksonville, Florida",1992,"Tampa, Florida",,57,,American,Casual Dining
ninety-nine-restaurant-pub,Ninety Nine Restaurant & Pub,"Boston, Massachusetts",1952,,,103,,American,Casual Dining
ocharleys,O'Charley's,"Nashville, Tennessee",1971,"Nashville, Tennessee",,156,"Southeast, Midwest",American,Casual Dining
rainforest-cafe,Rainforest Cafe,"Bloomington, Minnesota",1994,"Houston, Texas",,24,Nationwide,American,Casual Dining
ruby-tuesday,Ruby Tuesday,"Knoxville, Tennessee",1972,"Maryville, Tennessee",,206,"East, Hawaii",American,Casual Dining
rubys-diner,Ruby's Diner,"Newport Beach, California",1982,"Irvine, California",,32,"West, Texas, Mid-Atlantic",American,Casual Dining
rusty-bucket-restaurant-tavern,Rusty Bucket Restaurant & Tavern,"Dublin, Ohio",2002,"Columbus, Ohio",,23,"Southeast, Midwest",American,Casual Dining
seasons-52,Seasons 52,"Orlando, Florida",2003,"Orlando, Florida",,44,,American,Casual Dining
sharis-cafe-pies,Shari's Cafe & Pies,"Hermiston, Oregon",1978,"Beaverton, Oregon",,95,West,American,Casual Dining
shoneys,Shoney's,"Charleston, West Virginia",1947,"Nashville, Tennessee",,103,"South, Mid-Atlantic, Midwest",American,Casual Dining
teds-montana-grill,Ted's Montana Grill,"Columbus, Ohio",2002,"Atlanta, Georgia",,45,,American,Casual Dining
tgi-fridays,TGI Fridays,"New York City, New York",1965,"Dallas, Texas",,310,Nationwide,American,Casual Dining
village-inn,Village Inn,"Denver, Colorado",1959,"Nashville, Tennessee",,129,"West, Midwest, South",American,Casual Dining
benihana,Benihana,"New York, New York",1964,"Aventura, Florida",,72,,Asian,Casual Dining
huhot-mongolian-grill,HuHot Mongolian Grill,"Missoula, Montana",1999,"Missoula, Montana",,70,"Midwest, Mountain West",Asian,Casual Dining
kona-grill,Kona Grill,"Scottsdale, Arizona",1998,"Scottsdale, Arizona",,40,,Asian,Casual Dining
nobu,Nobu,"Los Angeles, California",1987,"Los Angeles, California",,19,,Asian,Casual Dining
pf-changs,P.F. Chang's,"Scottsdale, Arizona",1993,"Scottsdale, Arizona",,209,Nationwide,Asian,Casual Dining
roys,Roy's,"Honolulu, Hawaii",1988,"Dallas, Texas",,27,,Asian,Casual Dining
green-elephant-vegetarian-bistro,Green Elephant Vegetarian Bistro,"Portland, Maine",2007,"Portland, Maine",,2,New England,Asian,Casual Dining
bar-louie,Bar Louie,"Addison, Texas",1990,"Addison, Texas",,69,,Bar/Brewpub,Casual Dining
beef-o-bradys,Beef 'O' Brady's,"Brandon, Florida",1985,"Brandon, Florida",,133,"Southeast, Midwest",Bar/Brewpub,Casual Dining
hopcat,HopCat,"Grand Rapids, Michigan",2008,"Grand Rapids, Michigan",,17,"Midwest, Florida",Bar/Brewpub,Casual Dining
millers-ale-house,Miller's Ale House,"Jupiter, Florida",1988,"Orlando, Florida",,97,"East, Nevada",Bar/Brewpub,Casual Dining
twin-peaks,Twin Peaks,"Lewisville, Texas",2008,"Addison, Texas",,87,"South, Midwest",Bar/Brewpub,Casual Dining
yard-house,Yard House,"Long Beach, California",1996,"Orlando, Florida",,81,Nationwide,Bar/Brewpub,Casual Dining
dennys,Denny's,"Lakewood, California",1953,"Spartanburg, South Carolina",,1487,Nationwide,Breakfast,Casual Dining
first-watch,First Watch,"Pacific Grove, California",1983,"University Park, Florida",,435,,Breakfast,Casual Dining
ihop,IHOP,"Los Angeles, California",1958,"Glendale, California",,1657,Nationwide,Breakfast,Casual Dining
original-pancake-house,The Original Pancake House,"Portland, Oregon",1953,"Portland, Oregon",,144,Nationwide,Breakfast,Casual Dining
perkins-restaurant-bakery,Perkins Restaurant & Bakery,"Cincinnati, Ohio",1958,"Memphis, Tennessee",,290,,Breakfast,Casual Dining
waffle-house,Waffle House,"Avondale Estates, Georgia",1955,"Norcross, Georgia",,1950,Southeast,Breakfast,Casual Dining
bahama-breeze-island-grille,Bahama Breeze Island Grille,"Orlando, Florida",1996,"Orlando, Florida",,43,Nationwide,Carribean,Casual Dining
jimmy-buffetts-margaritaville,Jimmy Buffett's Margaritaville,"Key West, Florida",1977,"Orlando, Florida",,23,Nationwide,Carribean,Casual Dining
buffalo-wild-wings,Buffalo Wild Wings,"Columbus, Ohio",1982,"Sandy Springs, Georgia",,1212,,Chicken,Casual Dining
hooters,Hooters,"Clearwater, Florida",1983,"Atlanta, Georgia",,303,,Chicken,Casual Dining
hurricane-grill-wings,Hurricane Grill & Wings,"Fort Pierce, Florida",1995,"West Palm Beach, Florida",,71,,Chicken,Casual Dining
kers-winghouse-bar-grill,Ker's WingHouse Bar & Grill,"Largo, Florida",1994,"Orlando, Florida",,28,,Chicken,Casual Dining
melting-pot,The Melting Pot,"Maitland, Florida",1975,"Tampa, Florida",,96,,European,Casual Dining
mimis-cafe,Mimi's Cafe,"Anaheim, California",1978,"Dallas, Texas",,48,,European,Casual Dining
olgas-kitchen,Olga's Kitchen,"Birmingham, Michigan",1970,"Livonia, Michigan",,27,"Michigan, Illinois",European,Casual Dining
islands,Islands,"Los Angeles, California",1982,"Irvine, California",,45,"West, Hawaii",Hamburgers,Casual Dining
johnny-rockets,Johnny Rockets,"Los Angeles, California",1986,"Wilbraham, Massachusetts",,131,Nationwide,Hamburgers,Casual Dining
max-ermas,Max & Erma's,"Columbus, Ohio",1972,"Columbus, Ohio",,51,,Hamburgers,Casual Dining
red-robin,Red Robin,"Seattle, Washington",1969,"Greenwood Village, Colorado",,531,Nationwide,Hamburgers,Casual Dining
wahlburgers,Wahlburgers,"Hingham, Massachusetts",2011,,,31,,Hamburgers,Casual Dining
chevys-fresh-mex,Chevys Fresh Mex,"Alameda, California",1986,"Cypress, California",,38,,Mexican/Tex-Mex,Casual Dining
chilis,Chili's,"Dallas, Texas",1975,"Dallas, Texas",,1234,Nationwide,Mexican/Tex-Mex,Casual Dining
chuys,Chuy's,"Austin, Texas",1982,"Austin, Texas",,96,"South, Midwest",Mexican/Tex-Mex,Casual Dining
on-the-border-mexican-grill-cantina,On the Border Mexican Grill & Cantina,"Dallas, Texas",1982,,,125,,Mexican/Tex-Mex,Casual Dining
pappasitos-cantina,Pappasito's Cantina,"Houston, Texas",1976,"Houston, Texas",,25,Texas,Mexican/Tex-Mex,Casual Dining
uncle-julios,Uncle Julio's,"Dallas, Texas",1986,,,37,,Mexican/Tex-Mex,Casual Dining
brio-tuscan-grill,Brio Tuscan Grill,"Columbus, Ohio",1992,"Columbus, Ohio",,36,Nationwide,Italian,Casual Dining
buca-di-beppo,Buca di Beppo,"Minneapolis, Minnesota",1993,"Orlando, Florida",,70,Nationwide,Italian,Casual Dining
california-pizza-kitchen,California Pizza Kitchen,"Beverly Hills, California",1985,"Los Angeles, California",,169,Nationwide,Italian,Casual Dining
carinos-italian,Carino's Italian,"Austin, Texas",1968,"Austin, Texas",,55,,Italian,Casual Dining
carrabbas-italian-grill,Carrabba's Italian Grill,"Houston, Texas",1986,"Tampa, Florida",,219,,Italian,Casual Dining
maggianos-little-italy,Maggiano's Little Italy,"Chicago, Illinois",1991,"Dallas, Texas",,54,,Italian,Casual Dining
old-spaghetti-factory,The Old Spaghetti Factory,"Portland, Oregon",1969,"Portland, Oregon",,42,,Italian,Casual Dining
olive-garden,Olive Garden,"Orlando, Florida",1982,"Orlando, Florida",,876,Nationwide,Italian,Casual Dining
romanos-macaroni-grill,Romano's Macaroni Grill,"Leon Springs, Texas",1988,"Denver, Colorado",,90,,Italian,Casual Dining
valentinos,Valentino's,"Lincoln, Nebraska",1957,"Lincoln, Nebraska",,36,"Nebraska, Minnesota",Italian,Casual Dining
bertuccis,Bertucci's,"Somerville, Massachusetts",1981,"Woburn, Massachusetts",,51,,Pizza,Casual Dining
giordanos,Giordano's,"Chicago, Illinois",1974,,,73,,Pizza,Casual Dining
happy-joes,Happy Joe's,"Bettendorf, Iowa",1972,"Bettendorf, Iowa",,61,Midwest,Pizza,Casual Dining
larosas-pizzeria,LaRosa's Pizzeria,"Cincinnati, Ohio",1954,,,66,,Pizza,Casual Dining
mellow-mushroom,Mellow Mushroom,"Atlanta, Georgia",1974,"Atlanta, Georgia",,173,Southeast,Pizza,Casual Dining
old-chicago-pizza-taproom,Old Chicago Pizza & Taproom,"Boulder, Colorado",1976,"Broomfield, Colorado",,83,,Pizza,Casual Dining
rosatis-authentic-chicago-pizza,Rosati's Authentic Chicago Pizza,"Chicago, Illinois",1926,"Elgin, Illinois",,200,,Pizza,Casual Dining
shakeys-pizza,Shakey's Pizza,"Sacramento, California",1954,"Alhambra, California",,500,,Pizza,Casual Dining
uno-pizzeria-grill,Uno Pizzeria & Grill,"Chicago, Illinois",1943,"Boston, Massachusetts",,83,,Pizza,Casual Dining
souper-salad,Souper Salad,"Houston, Texas",1978,"Dallas, Texas",,25,Southwest,Salad,Casual Dining
maid-rite,Maid-Rite,"Muscatine, Iowa",1926,"Urbandale, Iowa",,32,,Sandwiches,Casual Dining
bonefish-grill,Bonefish Grill,"St. Petersburg, Florida",2000,"Tampa, Florida",,185,Nationwide,Seafood,Casual Dining
bubba-gump-shrimp-company,Bubba Gump Shrimp Company,"Monterey, California",1996,"Houston, Texas",,23,Nationwide,Seafood,Casual Dining
eddie-vs-prime-seafood,Eddie V's Prime Seafood,"Austin, Texas",2000,"Orlando, Florida",,26,"Southwest, Texas, Florida",Seafood,Casual Dining
joes-crab-shack,Joe's Crab Shack,"Houston, Texas",1991,"Houston, Texas",,46,,Seafood,Casual Dining
landrys-seafood,Landry's Seafood,"Katy, Texas",1980,"Houston, Texas",,20,,Seafood,Casual Dining
legal-sea-foods,Legal Sea Foods,"Cambridge, Massachusetts",1968,"Boston, Massachusetts",,23,,Seafood,Casual Dining
mccormick-schmicks,McCormick & Schmick's,"Portland, Oregon",1979,"Houston, Texas",,44,,Seafood,Casual Dining
ocean-prime,Ocean Prime,"Troy, Michigan",2008,,,17,,Seafood,Casual Dining
pappadeaux-seafood-kitchen,Pappadeaux Seafood Kitchen,"San Antonio, Texas",1993,"Houston, Texas",,40,,Seafood,Casual Dining
red-lobster,Red Lobster,"Lakeland, Florida",1968,"San Francisco, California",,670,Nationwide,Seafood,Casual Dining
bill-miller-bar-b-q,Bill Miller Bar-B-Q,"San Antonio, Texas",1953,"San Antonio, Texas",,76,,Barbeque,Casual Dining
copelands,Copeland's,"New Orleans, Louisiana",1983,,,20,Southeast,Barbeque,Casual Dining
cracker-barrel,Cracker Barrel,"Lebanon, Tennessee",1969,"Lebanon, Tennessee",,664,Nationwide,American,Casual Dining
dickeys-barbecue-pit,Dickey's Barbecue Pit,"Dallas, Texas",1941,"Dallas, Texas",,484,,Barbeque,Casual Dining
famous-daves,Famous Dave's,"Hayward, Wisconsin",1994,"Minnetonka, Minnesota",,115,Nationwide,Barbeque,Casual Dining
grandys,Grandy's,"Nashville, Tennessee",1972,"Nashville, Tennessee",,38,"South, Midwest",Barbeque,Casual Dining
lucilles-smokehouse-bar-b-que,Lucille's Smokehouse Bar-B-Que,"Signal Hill, California",1999,"Long Beach, California",,24,Southwest,Barbeque,Casual Dining
pappas-bar-b-q,Pappas Bar-B-Q,"Houston, Texas",1976,"Houston, Texas",,19,,Barbeque,Casual Dining
red-hot-blue,Red Hot & Blue,"Memphis, Tennessee",1989,"Winston-Salem, North Carolina",,15,"Mid-Atlantic, Midwest, Texas",Barbeque,Casual Dining
smokey-bones,Smokey Bones,"Orlando, Florida",1999,"Aventura, Florida",,61,East,Barbeque,Casual Dining
sonny-bryans-smokehouse,Sonny Bryan's Smokehouse,"Dallas, Texas",1958,"Dallas, Texas",,3,Texas,Barbeque,Casual Dining
sonnys-bbq,Sonny's BBQ,"Gainesville, Florida",1968,"Maitland, Florida",,92,Southeast,Barbeque,Casual Dining
black-angus-steakhouse,Black Angus Steakhouse,"Los Altos, California",1964,"Los Angeles, California",,45,,Steakhouse,Casual Dining
capital-grille,The Capital Grille,"Providence, Rhode Island",1990,"Orlando, Florida",,63,Nationwide,Steakhouse,Casual Dining
claim-jumper,Claim Jumper,"Los Angeles, California",1977,"Houston, Texas",,30,,Steakhouse,Casual Dining
del-friscos-double-eagle-steak-house,Del Frisco's Double Eagle Steakhouse,"New York City, New York",1981,"Houston, Texas",,16,,Steakhouse,Casual Dining
flemings-prime-steakhouse-wine-bar,Fleming's Prime Steakhouse & Wine Bar,"Newport Beach, California",1998,"Tampa, Florida",,64,,Steakhouse,Casual Dining
fogo-de-chao,Fogo de Chão,"Porto Alegre, Brazil",1979,"Plano, Texas",,48,,Steakhouse,Casual Dining
logans-roadhouse,Logan's Roadhouse,"Lexington, Kentucky",1991,"Nashville, Tennessee",,136,,Steakhouse,Casual Dining
longhorn-steakhouse,LongHorn Steakhouse,"Atlanta, Georgia",1981,"Orlando, Florida",,551,,Steakhouse,Casual Dining
montana-mikes,Montana Mike's,"Round Rock, Texas",1966,"Round Rock, Texas",,80,,Steakhouse,Casual Dining
mortons-the-steakhouse,Morton's The Steakhouse,"Chicago, Illinois",1978,"Houston, Texas",,55,Nationwide,Steakhouse,Casual Dining
outback-steakhouse,Outback Steakhouse,"Tampa, Florida",1988,"Tampa, Florida",,694,Nationwide,Steakhouse,Casual Dining
ponderosa-bonanza-steakhouses,Ponderosa Bonanza Steakhouses,"Kokomo, Indiana Westport, Connecticut",1963 1965,"Plano, Texas",,75,,Steakhouse,Casual Dining
ruths-chris-steak-house,Ruth's Chris Steak House,"New Orleans, Louisiana",1965,"Winter Park, Florida",,129,,Steakhouse,Casual Dining
saltgrass-steak-house,Saltgrass Steak House,"Houston, Texas",1991,"Houston, Texas",,96,Nationwide,Steakhouse,Casual Dining
texas-de-brazil-churrascaria,Texas de Brazil Churrascaria,"Addison, Texas",1998,"Dallas, Texas",,51,,Steakhouse,Casual Dining
texas-roadhouse,Texas Roadhouse,"Clarksville, Indiana",1993,"Louisville, Kentucky",,596,,Steakhouse,Casual Dining
tony-romas,Tony Roma's,"North Miami, Florida",1972,"Orlando, Florida",,150,,Steakhouse,Casual Dining
sizzler,Sizzler,"Culver City, California",1958,"Mission Viejo, California",,86,,Steakhouse,Casual Dining
western-sizzlin,Western Sizzlin',"Augusta, Georgia",1962,"Roanoke, Virginia",,54,,Steakhouse,Casual Dining
chuck-e-cheese,Chuck E. Cheese,"San Jose, California",1977,"Irving, Texas",,477,Nationwide,Pizza,Arcade/Games
dave-busters,Dave & Busters,"Dallas, Texas",1982,"Dallas, Texas",,142,Nationwide,Bar/Brewpub,Arcade/Games
peter-piper-pizza,Peter Piper Pizza,"Glendale, Arizona",1973,"Phoenix, Arizona",,149,"West, Florida",Pizza,Arcade/Games
topgolf,Topgolf,"Watford, United Kingdom",2000,"Dallas, Texas",,67,,American,Arcade/Games